# Master toolkit provenance (R3). One row per main symbol a toolkit file was copied from;
# symbol * = a whole-file copy (R6 YouTube module), hashed after its package line.
# Checked by scripts/master-toolkit-drift.py; re-record with --write only after reviewing a copy.
# base 34a4189002b7c9aaf6085ae4adab27b343ca28dc
master_file	main_file	symbol	sha256
extractor-master/src/main/kotlin/com/alal/yft/extractor/master/toolkit/BalancedJson.kt	extractor-sites/src/main/kotlin/com/alal/yft/extractor/sites/tiktok/TikTokPageParser.kt	balancedObject	77777b9da129341c988b545a1063334307d5e9bdd547cd36b3e224cb2bed0351
extractor-master/src/main/kotlin/com/alal/yft/extractor/master/toolkit/BalancedJson.kt	extractor-sites/src/main/kotlin/com/alal/yft/extractor/sites/tiktok/TikTokPageParser.kt	lenientRead	5e88077081723a4267a4d423640cfcb915350802bfa2be448d24510e24b69530
extractor-master/src/main/kotlin/com/alal/yft/extractor/master/toolkit/BalancedJson.kt	extractor-sites/src/main/kotlin/com/alal/yft/extractor/sites/tiktok/TikTokPageParser.kt	decodeEntities	ae1650bdedfa2ed71f4793bb3610d0a84726c709339dcc503beab2e0aa6153ab
extractor-master/src/main/kotlin/com/alal/yft/extractor/master/toolkit/BalancedJson.kt	extractor-sites/src/main/kotlin/com/alal/yft/extractor/sites/instagram/InstagramMedia.kt	objectAt	97c574afccebb70bb0ec6101f588c416ebe81ff6708bfb2fb6820ff006cc28e8
extractor-master/src/main/kotlin/com/alal/yft/extractor/master/toolkit/BalancedJson.kt	extractor-sites/src/main/kotlin/com/alal/yft/extractor/sites/instagram/InstagramMedia.kt	stringAt	f45e1479b4d19f7bb4fbdee054050bd51941b5bfe363ddaa721982a2b5915e33
extractor-master/src/main/kotlin/com/alal/yft/extractor/master/toolkit/BalancedJson.kt	extractor-sites/src/main/kotlin/com/alal/yft/extractor/sites/vimeo/VimeoConfigParser.kt	objectAfter	b61bf031ae293e2a65124182fb019a406b2370986bc1d7fc175a42e62a27845d
extractor-master/src/main/kotlin/com/alal/yft/extractor/master/toolkit/PageScripts.kt	extractor-sites/src/main/kotlin/com/alal/yft/extractor/sites/tiktok/TikTokPageParser.kt	scripts	aff66e15015019b1b2f335f40c3ba8944a8700db3dccb5c8b793910b287d2dcd
extractor-master/src/main/kotlin/com/alal/yft/extractor/master/toolkit/PageScripts.kt	extractor-sites/src/main/kotlin/com/alal/yft/extractor/sites/facebook/FacebookPageParser.kt	scriptPayloads	bfb4da49d56b0f69920016257468329dbf44b948c4c4d76cf8e6919a3bce4945
extractor-master/src/main/kotlin/com/alal/yft/extractor/master/toolkit/PageScripts.kt	extractor-sites/src/main/kotlin/com/alal/yft/extractor/sites/instagram/InstagramMedia.kt	documents	582aa615d927b00dbf4b0511b9ef3e1dcfaabc2156cd1849835dc10a0cdfc386
extractor-master/src/main/kotlin/com/alal/yft/extractor/master/toolkit/AnchoredMediaWalk.kt	extractor-sites/src/main/kotlin/com/alal/yft/extractor/sites/facebook/FacebookPageParser.kt	mediaNode	0cfe7dd61c8712aa21e8fac9928a79c43a18ef0a59fb96ddcb59d8ff33a8b44c
extractor-master/src/main/kotlin/com/alal/yft/extractor/master/toolkit/AnchoredMediaWalk.kt	extractor-sites/src/main/kotlin/com/alal/yft/extractor/sites/facebook/FacebookPageParser.kt	search	7516f04e7a08e27708aec2a37efb36fdc0da2f121fcce16289398a547f292458
extractor-master/src/main/kotlin/com/alal/yft/extractor/master/toolkit/AnchoredMediaWalk.kt	extractor-sites/src/main/kotlin/com/alal/yft/extractor/sites/instagram/InstagramMedia.kt	find	cafd1d860ce5640ba74a0794d96ca9081b274ba9dd700734c74ad153898b89cc
extractor-master/src/main/kotlin/com/alal/yft/extractor/master/toolkit/AnchoredMediaWalk.kt	extractor-sites/src/main/kotlin/com/alal/yft/extractor/sites/tiktok/TikTokPageParser.kt	parseItem	ab71a90a6e6df2624af3b16660d7bfece211ac94f4ef770623fff9313a2edb5a
extractor-master/src/main/kotlin/com/alal/yft/extractor/master/toolkit/MediaKeyTable.kt	extractor-sites/src/main/kotlin/com/alal/yft/extractor/sites/facebook/FacebookPageParser.kt	MEDIA_KEYS	6da3b7a483d995c071f1f9c13543a018480bd7f21b636bfa3a0f91d993517c5f
extractor-master/src/main/kotlin/com/alal/yft/extractor/master/toolkit/MediaKeyTable.kt	extractor-sites/src/main/kotlin/com/alal/yft/extractor/sites/facebook/FacebookPageParser.kt	LEGACY_FIELDS	961f0d1c1e0fe03df38fc50c068b73c406ba5b3323976ce282bc8b273c1ce4c5
extractor-master/src/main/kotlin/com/alal/yft/extractor/master/toolkit/MediaKeyTable.kt	extractor-sites/src/main/kotlin/com/alal/yft/extractor/sites/instagram/InstagramMedia.kt	isPost	576447be8a5ac75140551220b853bcc29253266983110ead5ad2c070cd748aad
extractor-master/src/main/kotlin/com/alal/yft/extractor/master/toolkit/QualityLadder.kt	extractor-sites/src/main/kotlin/com/alal/yft/extractor/sites/facebook/FacebookDashOffers.kt	videos	92901ae950715879071b982ad36284c571fd4b20764e87cbe973ff9b7720866e
extractor-master/src/main/kotlin/com/alal/yft/extractor/master/toolkit/QualityLadder.kt	extractor-sites/src/main/kotlin/com/alal/yft/extractor/sites/facebook/FacebookDashOffers.kt	audio	4be873f3d35b36b82db20bef6b10009611383a44e55b5f547608c943f48d12ca
extractor-master/src/main/kotlin/com/alal/yft/extractor/master/toolkit/QualityLadder.kt	extractor-sites/src/main/kotlin/com/alal/yft/extractor/sites/facebook/FacebookDashOffers.kt	merged	91463d8bb05cf17f47261ac0825d8319dee455dadcfc92e94bd45f690e0495f9
extractor-master/src/main/kotlin/com/alal/yft/extractor/master/toolkit/QualityLadder.kt	extractor-sites/src/main/kotlin/com/alal/yft/extractor/sites/facebook/FacebookDashOffers.kt	repeats	adc0e9c61357b2bee4f7fd58e53fcffc095ad1de0b22c705efaf4f4d2803cde6
extractor-master/src/main/kotlin/com/alal/yft/extractor/master/toolkit/QualityLadder.kt	extractor-sites/src/main/kotlin/com/alal/yft/extractor/sites/facebook/FacebookDashOffers.kt	shortSide	ed147f1a30d792b98a3c93f1a5b100f47958bbb72bb0efc315c8b2d3484079e8
extractor-master/src/main/kotlin/com/alal/yft/extractor/master/toolkit/QualityLadder.kt	extractor-sites/src/main/kotlin/com/alal/yft/extractor/sites/facebook/FacebookDashOffers.kt	qualityName	d2c9bc3cd1bc1cc5e9a1c059799bfff1d7d4b891cf72d602eac7059d3ba2c66b
extractor-master/src/main/kotlin/com/alal/yft/extractor/master/toolkit/QualityLadder.kt	extractor-sites/src/main/kotlin/com/alal/yft/extractor/sites/facebook/FacebookDashOffers.kt	MAX_VIDEO_OFFERS	6d5e566a0ef97ed9661a635a07f61e24ca30d29f831c97b5aed9f5a55ec332b2
extractor-master/src/main/kotlin/com/alal/yft/extractor/master/toolkit/QualityLadder.kt	extractor-sites/src/main/kotlin/com/alal/yft/extractor/sites/tiktok/TikTokExtractor.kt	joinedTo	2f35d618de103349a7e7ff2de5c37dbc0690d4d16c948077da9950d176a5b0ac
extractor-master/src/main/kotlin/com/alal/yft/extractor/master/toolkit/QualityLadder.kt	extractor-sites/src/main/kotlin/com/alal/yft/extractor/sites/tiktok/TikTokExtractor.kt	ROW_ORDER	ac2a28a95062bf43f1c952c13f4324582d16263364e8ba9a5f3597a50945ed43
extractor-master/src/main/kotlin/com/alal/yft/extractor/master/toolkit/QualityLadder.kt	extractor-sites/src/main/kotlin/com/alal/yft/extractor/sites/youtube/YouTubeExtractor.kt	bestAudio	ffd5cde5804973328cc9b3e8d9da2bf0adc6c199a7ff57f9717eecbf54071bc0
extractor-master/src/main/kotlin/com/alal/yft/extractor/master/toolkit/ProbeRounds.kt	extractor-sites/src/main/kotlin/com/alal/yft/extractor/sites/tiktok/TikTokExtractor.kt	check	c02f229d6631d5d8ff299b26fcafcaee5c4586ae65cfd91995cc26625d840e8a
extractor-master/src/main/kotlin/com/alal/yft/extractor/master/toolkit/ProbeRounds.kt	extractor-sites/src/main/kotlin/com/alal/yft/extractor/sites/tiktok/TikTokExtractor.kt	probeAll	90d019c01ff6a81aa13502f027789b975d874d3febfc1113ddd91e3ef0d3483e
extractor-master/src/main/kotlin/com/alal/yft/extractor/master/toolkit/ProbeRounds.kt	extractor-sites/src/main/kotlin/com/alal/yft/extractor/sites/tiktok/TikTokExtractor.kt	probe	de2d0795f222fe40c351e1b3724a2b0b591582f3ec2ba50e32f46ce61b0fbae9
extractor-master/src/main/kotlin/com/alal/yft/extractor/master/toolkit/ProbeRounds.kt	extractor-sites/src/main/kotlin/com/alal/yft/extractor/sites/tiktok/TikTokExtractor.kt	MAX_FILE_CHECKS	2483cd44e94d490cf3ab127bcf31908f50f1caf0040c5e6831e7320d226fecc1
extractor-master/src/main/kotlin/com/alal/yft/extractor/master/toolkit/ProbeRounds.kt	extractor-sites/src/main/kotlin/com/alal/yft/extractor/sites/tiktok/TikTokExtractor.kt	MAX_PARALLEL_CHECKS	35d6014dd96fa833c1007aea225d1387362af437add22ead7ca18f3d8ee90db6
extractor-master/src/main/kotlin/com/alal/yft/extractor/master/toolkit/RequestPolicy.kt	extractor-sites/src/main/kotlin/com/alal/yft/extractor/sites/tiktok/TikTokExtractor.kt	mergedCookie	16ce7ab6ca2046b6a19f217ca2bd8b1e8850c38fb1e31a1de55b324ef4a0e539
extractor-master/src/main/kotlin/com/alal/yft/extractor/master/toolkit/RequestPolicy.kt	extractor-sites/src/main/kotlin/com/alal/yft/extractor/sites/tiktok/TikTokExtractor.kt	cookieFor	b79d66ce2382e41e44b0627910efe49db688bdbf56906b7a4756730c43efd088
extractor-master/src/main/kotlin/com/alal/yft/extractor/master/toolkit/RequestPolicy.kt	extractor-sites/src/main/kotlin/com/alal/yft/extractor/sites/tiktok/TikTokExtractor.kt	mediaCookie	134ad215ec24c25c7700251190dc5b8f40a0d55f0246cb3733b5391bfa1b7922
extractor-master/src/main/kotlin/com/alal/yft/extractor/master/toolkit/RequestPolicy.kt	extractor-sites/src/main/kotlin/com/alal/yft/extractor/sites/tiktok/TikTokExtractor.kt	mediaHeaders	4fd11386b9ecd7cbe432b8bc7fb00739dafc7e9b58ff6aca4626e199cb36cff0
extractor-master/src/main/kotlin/com/alal/yft/extractor/master/toolkit/RequestPolicy.kt	extractor-sites/src/main/kotlin/com/alal/yft/extractor/sites/facebook/FacebookExtractor.kt	mediaContext	ee42d7a8c2f6d1063f3502ec6dc942a9baba8e8120e1c5c162413d7611a12e81
extractor-master/src/main/kotlin/com/alal/yft/extractor/master/toolkit/RequestPolicy.kt	extractor-sites/src/main/kotlin/com/alal/yft/extractor/sites/vimeo/VimeoExtractor.kt	configHeaders	eebc1243c28c345ab98ca4419566047f7025e9e54e98b51ba5c76bb263586df0
extractor-master/src/main/kotlin/com/alal/yft/extractor/master/toolkit/RequestPolicy.kt	extractor-sites/src/main/kotlin/com/alal/yft/extractor/sites/vimeo/VimeoExtractor.kt	mediaContext	ee42d7a8c2f6d1063f3502ec6dc942a9baba8e8120e1c5c162413d7611a12e81
extractor-master/src/main/kotlin/com/alal/yft/extractor/master/toolkit/UrlPolicy.kt	extractor-sites/src/main/kotlin/com/alal/yft/extractor/sites/vimeo/VimeoConfigParser.kt	PLAUSIBLE_EXPIRY_SECONDS	6fe24fd7cd3ffb20f06a9eed4350429a29f983b3e0b805ca4fabfa8f2c315227
extractor-master/src/main/kotlin/com/alal/yft/extractor/master/toolkit/RequestPolicy.kt	core-media/src/main/java/com/alal/yft/core/media/resolver/DefaultVariantResolver.kt	withPageOrigin	48f7bfd0186730c04c815d33f3819b4be3673e265496d639ecb3ef38bd0d0af8
extractor-master/src/main/kotlin/com/alal/yft/extractor/master/modules/youtube/YouTubeClientProfile.kt	extractor-sites/src/main/kotlin/com/alal/yft/extractor/sites/youtube/YouTubeClientProfile.kt	*	589046c199fc926de36a84ccd1b8c1f7fc29644098e5119ca3a32651ad7ffdce
extractor-master/src/main/kotlin/com/alal/yft/extractor/master/modules/youtube/YouTubeExtractor.kt	extractor-sites/src/main/kotlin/com/alal/yft/extractor/sites/youtube/YouTubeExtractor.kt	*	d21fdc1e41feeeb1afb8aeca22899d336a106bfc74f7bd880b4f5f1d9a084429
extractor-master/src/main/kotlin/com/alal/yft/extractor/master/modules/youtube/YouTubePlayerResponseParser.kt	extractor-sites/src/main/kotlin/com/alal/yft/extractor/sites/youtube/YouTubePlayerResponseParser.kt	*	e0230df7777b1f1b90e66edaf6aa8aaf7b32d3b4e893c2b88e97a62fd8a83fba
extractor-master/src/main/kotlin/com/alal/yft/extractor/master/modules/youtube/YouTubeSessionAuth.kt	extractor-sites/src/main/kotlin/com/alal/yft/extractor/sites/youtube/YouTubeSessionAuth.kt	*	07704eabd56d1cf35d8ab0db58d1f5d7c7b3889378b9708b661c9b119ef50050
extractor-master/src/main/kotlin/com/alal/yft/extractor/master/modules/youtube/YouTubeUrls.kt	extractor-sites/src/main/kotlin/com/alal/yft/extractor/sites/youtube/YouTubeUrls.kt	*	ccabbcfec6d83b28cb7ead20c78bce31c5361ebcd79038035b94143ef6a1a57b
extractor-master/src/main/kotlin/com/alal/yft/extractor/master/recipes/ContractRecipes.kt	extractor-sites/src/main/kotlin/com/alal/yft/extractor/sites/vimeo/VimeoConfigParser.kt	ACCESS_MARKERS	61f1d42922f03e1360658cd97edb9132466fc382277d4d95382a1d883e13ab07
extractor-master/src/main/kotlin/com/alal/yft/extractor/master/recipes/ContractRecipes.kt	extractor-sites/src/main/kotlin/com/alal/yft/extractor/sites/vimeo/VimeoConfigParser.kt	renditions	905845d3ffb611c320126db709fbda2bdc77ee25fa02a0d95cebf4cce1cda4ac
extractor-master/src/main/kotlin/com/alal/yft/extractor/master/recipes/ContractRecipes.kt	extractor-sites/src/main/kotlin/com/alal/yft/extractor/sites/vimeo/VimeoConfigParser.kt	manifestUrl	afd00acaf2782d303389890e03f3a9fed52734c19acbbed8fb2277ce07cf427e
extractor-master/src/main/kotlin/com/alal/yft/extractor/master/recipes/ContractRecipes.kt	extractor-sites/src/main/kotlin/com/alal/yft/extractor/sites/vimeo/VimeoConfigParser.kt	isDrmProtected	dbf3a391f43e7d385b7b170831a5ccbef5ad80774e856264641ff7e67d03061f
extractor-master/src/main/kotlin/com/alal/yft/extractor/master/recipes/ContractRecipes.kt	extractor-sites/src/main/kotlin/com/alal/yft/extractor/sites/vimeo/VimeoExtractor.kt	configHeaders	eebc1243c28c345ab98ca4419566047f7025e9e54e98b51ba5c76bb263586df0
extractor-master/src/main/kotlin/com/alal/yft/extractor/master/contract/SiteContracts.kt	extractor-sites/src/main/kotlin/com/alal/yft/extractor/sites/vimeo/VimeoUrls.kt	unlistedHashOf	7a81a673cfbd2ba40e58c293ec267474da86886dcce1b2e6fc6f20d3f8c28fe2
extractor-master/src/main/kotlin/com/alal/yft/extractor/master/contract/SiteContracts.kt	extractor-sites/src/main/kotlin/com/alal/yft/extractor/sites/vimeo/VimeoUrls.kt	configUrl	b1e3b1d23d676a4106413fa819b9f7ca715e1a054b8be9f095886beeb0f0ef01
extractor-master/src/main/kotlin/com/alal/yft/extractor/master/contract/SiteContracts.kt	extractor-sites/src/main/kotlin/com/alal/yft/extractor/sites/vimeo/VimeoUrls.kt	UNLISTED_HASH	9be3fecdab0b6adb64b3563c749e02b5557c5186c4b1113066586c323758d286
extractor-master/src/main/kotlin/com/alal/yft/extractor/master/contract/WidgetToken.kt	extractor-sites/src/main/kotlin/com/alal/yft/extractor/sites/x/XSyndication.kt	token	c30532816281f120194089433756733f23ed43c1adb6e91436b4c2198da5787e
extractor-master/src/main/kotlin/com/alal/yft/extractor/master/contract/WidgetToken.kt	extractor-sites/src/main/kotlin/com/alal/yft/extractor/sites/x/XSyndication.kt	radixString	87d0fca07d48aa147aa6ea15ef56fd1dcdaa7043adc9de41f02ae184d76cf2ed
extractor-master/src/main/kotlin/com/alal/yft/extractor/master/contract/WidgetToken.kt	extractor-sites/src/main/kotlin/com/alal/yft/extractor/sites/x/XSyndication.kt	carry	5a6e59c8b88e11e444ba449215b0bf6e956a270909a7a77a466376b4c3f190b9
extractor-master/src/main/kotlin/com/alal/yft/extractor/master/contract/WidgetToken.kt	extractor-sites/src/main/kotlin/com/alal/yft/extractor/sites/x/XSyndication.kt	DIGITS	ed72ec55af462ee8c750868da6cb90a5c3469415dbe034f4ed9ad16e35c867c1
extractor-master/src/main/kotlin/com/alal/yft/extractor/master/contract/WidgetToken.kt	extractor-sites/src/main/kotlin/com/alal/yft/extractor/sites/x/XSyndication.kt	HALF	c803bd19f4517ec937ec76d8b1f5261ef8710a20d47d0873a0710aa32be84d8a
extractor-master/src/main/kotlin/com/alal/yft/extractor/master/contract/WidgetToken.kt	extractor-sites/src/main/kotlin/com/alal/yft/extractor/sites/x/XSyndication.kt	MANTISSA_BITS	cd1dd405f0e16eb7d6088ecf7231c926cb8aa038b5e896d93cdb2a296d7cf3f4
extractor-master/src/main/kotlin/com/alal/yft/extractor/master/contract/WidgetToken.kt	extractor-sites/src/main/kotlin/com/alal/yft/extractor/sites/x/XSyndication.kt	ZEROS_OR_POINT	33d01b5848512ae66c1c5dd9c5e8357de5a0ac638316e1ee534804b6d1fab6ae
extractor-master/src/main/kotlin/com/alal/yft/extractor/master/recipes/ContractRecipes.kt	extractor-sites/src/main/kotlin/com/alal/yft/extractor/sites/x/XSyndication.kt	url	5728f2854b6e9c9e9e17157819210b0a93c222c02b124e6c9f6018986fa0ad0f
extractor-master/src/main/kotlin/com/alal/yft/extractor/master/recipes/ContractRecipes.kt	extractor-sites/src/main/kotlin/com/alal/yft/extractor/sites/x/XSyndication.kt	videoOf	cbfa6120c899197b1c02ca93ed70a26ef143db19aa5a63745eef699c40f3460c
extractor-master/src/main/kotlin/com/alal/yft/extractor/master/recipes/ContractRecipes.kt	extractor-sites/src/main/kotlin/com/alal/yft/extractor/sites/x/XSyndication.kt	isMediaUrl	2df0d726d067a28803e651fb7d52d9dbe3b4e5814081ab6b5e3fde65439361e5
extractor-master/src/main/kotlin/com/alal/yft/extractor/master/recipes/ContractRecipes.kt	extractor-sites/src/main/kotlin/com/alal/yft/extractor/sites/x/XSyndication.kt	SIZE_IN_PATH	0bca3a60cb65531d4da9c0f813a64644391a1b58260e7e8162460ed6c8316e30
extractor-master/src/main/kotlin/com/alal/yft/extractor/master/recipes/ContractRecipes.kt	extractor-sites/src/main/kotlin/com/alal/yft/extractor/sites/x/XSyndication.kt	parse	687d58b282b4c69a4d8d52af17840abb6f0243d6300280605fb2f21eba7f3057
extractor-master/src/main/kotlin/com/alal/yft/extractor/master/recipes/ContractRecipes.kt	extractor-sites/src/main/kotlin/com/alal/yft/extractor/sites/x/XExtractor.kt	answerHeaders	f314ee3ea7821f1a692dc0addf750ec4e41c53e61bc9a9e38d20cd270855d702
extractor-master/src/main/kotlin/com/alal/yft/extractor/master/recipes/ContractRecipes.kt	extractor-sites/src/main/kotlin/com/alal/yft/extractor/sites/x/XExtractor.kt	DEFAULT_MAX_ANSWER_BYTES	ffbce13b70f0db5fbbc3246899e7c2ff51d8076bb81de3538ad807468c37c427
extractor-master/src/main/kotlin/com/alal/yft/extractor/master/recipes/ContractRecipes.kt	extractor-sites/src/main/kotlin/com/alal/yft/extractor/sites/x/XExtractor.kt	displayTitle	9ab859c37215fb574f946e601b3c8144f0d494e8a055541c9a51b61a88f4de68
extractor-master/src/main/kotlin/com/alal/yft/extractor/master/recipes/ContractRecipes.kt	extractor-sites/src/main/kotlin/com/alal/yft/extractor/sites/x/XUrls.kt	VIDEO_SUFFIX	515bb9e47bc1ef08f786fd72398270245a4ee7a405b90bca3b0c25024d015c4e
extractor-master/src/main/kotlin/com/alal/yft/extractor/master/layers/ContractReader.kt	extractor-sites/src/main/kotlin/com/alal/yft/extractor/sites/x/XExtractor.kt	displayTitle	9ab859c37215fb574f946e601b3c8144f0d494e8a055541c9a51b61a88f4de68
extractor-master/src/main/kotlin/com/alal/yft/extractor/master/layers/ContractReader.kt	extractor-sites/src/main/kotlin/com/alal/yft/extractor/sites/x/XExtractor.kt	TRAILING_LINK	be360dcce290451f1a766470ad3d9c857c4450012099292b0f50e15c3cfbffe1
extractor-master/src/main/kotlin/com/alal/yft/extractor/master/layers/ContractReader.kt	extractor-sites/src/main/kotlin/com/alal/yft/extractor/sites/x/XExtractor.kt	MAX_TITLE	9766e4b995f5266a9c3c0359c51557da769258ea6497f5268387da42e8a1c0fc
extractor-master/src/main/kotlin/com/alal/yft/extractor/master/recipes/ContractRecipes.kt	extractor-sites/src/main/kotlin/com/alal/yft/extractor/sites/facebook/FacebookPageParser.kt	MEDIA_KEYS	6da3b7a483d995c071f1f9c13543a018480bd7f21b636bfa3a0f91d993517c5f
extractor-master/src/main/kotlin/com/alal/yft/extractor/master/recipes/ContractRecipes.kt	extractor-sites/src/main/kotlin/com/alal/yft/extractor/sites/facebook/FacebookPageParser.kt	LEGACY_FIELDS	961f0d1c1e0fe03df38fc50c068b73c406ba5b3323976ce282bc8b273c1ce4c5
extractor-master/src/main/kotlin/com/alal/yft/extractor/master/recipes/ContractRecipes.kt	extractor-sites/src/main/kotlin/com/alal/yft/extractor/sites/facebook/FacebookPageParser.kt	progressiveEntries	de7f886a3423d2c7bfb4aeb846936af108560c4595381150a2cee90f9d48c3cd
extractor-master/src/main/kotlin/com/alal/yft/extractor/master/recipes/ContractRecipes.kt	extractor-sites/src/main/kotlin/com/alal/yft/extractor/sites/facebook/FacebookPageParser.kt	inlineManifests	906a3ae7b5de813cf4d69115d6d8b9b0c0be38287b52a06e5f100ff372b33823
extractor-master/src/main/kotlin/com/alal/yft/extractor/master/recipes/ContractRecipes.kt	extractor-sites/src/main/kotlin/com/alal/yft/extractor/sites/facebook/FacebookPageParser.kt	dashManifestUrls	358b484fd44eef6281a57baab1dddbef1355dbd8f34d41c2f0f541a8918e9044
extractor-master/src/main/kotlin/com/alal/yft/extractor/master/recipes/ContractRecipes.kt	extractor-sites/src/main/kotlin/com/alal/yft/extractor/sites/facebook/FacebookPageParser.kt	drmAssessment	aa15e9da4359071906d6952d96bbcccc6b7ecf954826a86a4b7c06bcb286f145
extractor-master/src/main/kotlin/com/alal/yft/extractor/master/recipes/ContractRecipes.kt	extractor-sites/src/main/kotlin/com/alal/yft/extractor/sites/facebook/FacebookPageParser.kt	videoId	1b3b8b50d99d4b272395d846a48386d063fea885729432f2b9c2c502a1b17658
extractor-master/src/main/kotlin/com/alal/yft/extractor/master/recipes/ContractRecipes.kt	extractor-sites/src/main/kotlin/com/alal/yft/extractor/sites/facebook/FacebookPageParser.kt	post	78e2bf509a75103545e3f53681a85549ab2eb51a862e426050aad910e0e3d815
extractor-master/src/main/kotlin/com/alal/yft/extractor/master/recipes/ContractRecipes.kt	extractor-sites/src/main/kotlin/com/alal/yft/extractor/sites/facebook/FacebookPageIdentity.kt	AVC_LADDER_USER_AGENT	056845e6cd4470e7dabff3bf6d6446bd4e681d49431da917b703743c4fa50070
extractor-master/src/main/kotlin/com/alal/yft/extractor/master/recipes/ContractRecipes.kt	extractor-sites/src/main/kotlin/com/alal/yft/extractor/sites/facebook/FacebookExtractor.kt	publicPageHeaders	200a406af3cd046b77d0a1d902e18d521b70e3fa1b0b2c597c988bcfbbccff7b
extractor-master/src/main/kotlin/com/alal/yft/extractor/master/layers/ContractReader.kt	extractor-sites/src/main/kotlin/com/alal/yft/extractor/sites/facebook/FacebookPageParser.kt	drmAssessment	aa15e9da4359071906d6952d96bbcccc6b7ecf954826a86a4b7c06bcb286f145
extractor-master/src/main/kotlin/com/alal/yft/extractor/master/recipes/ContractRecipes.kt	extractor-sites/src/main/kotlin/com/alal/yft/extractor/sites/tiktok/TikTokPageParser.kt	post	c6f675de73c331dc05cf3a1ff823b7559157795d53f78e526b99f88f3be1fb0f
extractor-master/src/main/kotlin/com/alal/yft/extractor/master/recipes/ContractRecipes.kt	extractor-sites/src/main/kotlin/com/alal/yft/extractor/sites/tiktok/TikTokPageParser.kt	qualities	8789116231fe732a651b9a34f3358be5fa50bd6ae2fb50f21c84bf63cd4c0ab2
extractor-master/src/main/kotlin/com/alal/yft/extractor/master/recipes/ContractRecipes.kt	extractor-sites/src/main/kotlin/com/alal/yft/extractor/sites/tiktok/TikTokPageParser.kt	WATERMARK_LABEL	81e06e79b76d6712e50171ec179b6388bd4ce1d65b986b5a04d64245a62135f3
extractor-master/src/main/kotlin/com/alal/yft/extractor/master/recipes/ContractRecipes.kt	extractor-sites/src/main/kotlin/com/alal/yft/extractor/sites/tiktok/TikTokExtractor.kt	DEFAULT_MAX_PAGE_BYTES	944c63a8903079ce44e0132a9dc5ce54c0e9d100051a30cd127285df25a2506f
extractor-master/src/main/kotlin/com/alal/yft/extractor/master/recipes/ContractRecipes.kt	extractor-sites/src/main/kotlin/com/alal/yft/extractor/sites/tiktok/TikTokExtractor.kt	TIKTOK_REFERER	f66b889f3759fdc294a9ef06216e25dfbdaaa311c04ca18bdee30c5cc9a5aa3e
extractor-master/src/main/kotlin/com/alal/yft/extractor/master/recipes/ContractRecipes.kt	extractor-sites/src/main/kotlin/com/alal/yft/extractor/sites/tiktok/TikTokExtractor.kt	pageHeaders	00f909ea4c80b6f97eb0de671731f96b2f1090c35e5d9d1ff3795786180ca475
extractor-master/src/main/kotlin/com/alal/yft/extractor/master/layers/ContractReader.kt	extractor-sites/src/main/kotlin/com/alal/yft/extractor/sites/tiktok/TikTokPageParser.kt	addressesOf	c0e8b1d7aab4513dd6ac9d7cc8bf0baaad8518d807b3096a73af0068b62194e5
extractor-master/src/main/kotlin/com/alal/yft/extractor/master/layers/ContractReader.kt	extractor-sites/src/main/kotlin/com/alal/yft/extractor/sites/tiktok/TikTokPageParser.kt	httpsOrNull	a5832452dd6df4ba346fd1e21e1d17444cca6615055c28c42f9c1e48f5486ddf
extractor-master/src/main/kotlin/com/alal/yft/extractor/master/layers/ContractReader.kt	extractor-sites/src/main/kotlin/com/alal/yft/extractor/sites/tiktok/TikTokPageParser.kt	codecOf	94d1c41c739f8761c9552bbbee0a82cc38363479a7cc7c4850c523cc7352848a
extractor-master/src/main/kotlin/com/alal/yft/extractor/master/layers/ContractReader.kt	extractor-sites/src/main/kotlin/com/alal/yft/extractor/sites/tiktok/TikTokPageParser.kt	TikTokCodec	38e7dd6e0e1747a9ba7c2bd2c92dd6ab0176dbf1ad8002d062f61d6dcf036cd4
extractor-master/src/main/kotlin/com/alal/yft/extractor/master/layers/ContractReader.kt	extractor-sites/src/main/kotlin/com/alal/yft/extractor/sites/tiktok/TikTokExtractor.kt	displayTitle	8866459db430eabc46b54a35dd398d2426bae2eb4737b6ad3418a2c44b66011c
